{
  "images": 80,
  "cases": 400,
  "psnr": {
    "degraded": 21.723253548145294,
    "model": 24.559460837841034,
    "baseline": 20.10988173007965
  },
  "ssim": {
    "degraded": 0.8567220120318234,
    "model": 0.9400171972811222,
    "baseline": 0.8934774709492922
  },
  "improvement_rate_percent": 74.0,
  "do_no_harm": {
    "model": {
      "psnr": 28.45198724269867,
      "ssim": 0.9652818813920021,
      "edit_strength": 0.17975723833200058
    },
    "baseline": {
      "psnr": 21.62151691913605,
      "ssim": 0.9237952545285225,
      "edit_strength": 0.7202675654921556
    }
  },
  "per_category_psnr": {
    "Тёмное": {
      "degraded": 14.053629434108734,
      "model": 22.88369165658951,
      "baseline": 18.800899183750154
    },
    "Пересвет": {
      "degraded": 14.313844954967498,
      "model": 24.057082414627075,
      "baseline": 18.1971031665802
    },
    "Низкий контраст": {
      "degraded": 20.649284076690673,
      "model": 24.383275938034057,
      "baseline": 20.8274955868721
    },
    "Блёклый цвет": {
      "degraded": 39.031872797012326,
      "model": 25.590302610397337,
      "baseline": 21.990165376663207
    },
    "Смешанное": {
      "degraded": 20.567636477947236,
      "model": 25.88295156955719,
      "baseline": 20.733745336532593
    }
  }
}